ref	old	new
refs/codex/turn-diffs/captures/1791429831104/80332bc3-ea41-4ebf-bd0d-930a73bcb6b8/base	fa88afd834b22517820395f9cf75b43d31439a06	fa88afd834b22517820395f9cf75b43d31439a06
refs/codex/turn-diffs/captures/1791445187833/a2a32a6a-9a0b-4ee5-9eab-83f2a7bc3461/base	f0d659ee380812494353495f042592a0b5e4c711	f0d659ee380812494353495f042592a0b5e4c711
refs/codex/turn-diffs/checkpoints/cbac1f13223705ecb1644289d8700a3a/0ea4c78960503e862d04bed1fbdd25c6/1791429243980/eae8fc08-bf4c-40cc-9cc3-6f78f146c85d	86edf6d137ede178c4a6d58e0aaf1093ff663601	86edf6d137ede178c4a6d58e0aaf1093ff663601
refs/heads/backup-pre-dates	b63265867aa91976d91933bb03780f06ef88aa61	b63265867aa91976d91933bb03780f06ef88aa61
refs/heads/backup-pre-squash	50dc8af1a8dc52937a44d5a7a1b9d455a5f4a28e	50dc8af1a8dc52937a44d5a7a1b9d455a5f4a28e
refs/heads/backup/cortenmm-16fb5659	3d732f342a936559f935c286fac0f7b89bf950ef	938962fb445112ed6c81ca42cb48dabe3387e0d0
refs/heads/backup/net-lanes-pre-squash	4101f51c27178d64f07b64b59a6576ac67c9a6d1	5bd1636e55d831b7d82ca23dca924c9735ed9cc7
refs/heads/backup/wt2-drivers-premsgfix	f9464b85a1b7956ff876f602d01771d7fd20801b	9aead69ccd20d1b5dc63ec1af3f2b59b8448978c
refs/heads/backup/wt2-drivers-tip	134ae2914297f9f35fb4d80c0426ad73d0c12835	7bfeeb3d82f12b1a3176ea5770ca8423a57d5099
refs/heads/main	3f31cafd853345cd334814bc8077d13f391eb75f	d6db006828c13a6555f4a55cf844aa74f1f575a9
refs/heads/research/osdi-envelopes	e4d064e6b152b5cbd674df8a19f6f81ec376220f	e4d064e6b152b5cbd674df8a19f6f81ec376220f
refs/heads/riir	3a4623e48d7fe048a7a26926deabc58e0a8df7f7	3a4623e48d7fe048a7a26926deabc58e0a8df7f7
refs/remotes/origin/main	3f31cafd853345cd334814bc8077d13f391eb75f	d6db006828c13a6555f4a55cf844aa74f1f575a9
refs/stash	7da8a46d17bc906afaf740b6479312c412142180	b6fdb4a1a53825cbbdca1c53a7f3a780109ac9ee
refs/tags/premerge-cortenmm	3d732f342a936559f935c286fac0f7b89bf950ef	938962fb445112ed6c81ca42cb48dabe3387e0d0
refs/tags/v0.1	a13f35254a7aa3b5974586f00abec105541621c6	a13f35254a7aa3b5974586f00abec105541621c6
refs/tags/v0.10	18e6366ac2c449fb5f885006dc37289326800afc	18e6366ac2c449fb5f885006dc37289326800afc
refs/tags/v0.11	578bb2fe4d2d690e108dc8689d528c5df67261a3	578bb2fe4d2d690e108dc8689d528c5df67261a3
refs/tags/v0.12	cf4ac4973beaaed7d9bcbb4419059cea418ad166	cf4ac4973beaaed7d9bcbb4419059cea418ad166
refs/tags/v0.13	03f5d7744be5293e9b08f3aee8463e8b3a074782	03f5d7744be5293e9b08f3aee8463e8b3a074782
refs/tags/v0.14	8d180416f6f093e95cbbf021c5969ca64c162693	d53fd91906f3caef6117a0082337ff4ed303bc41
refs/tags/v0.15	6db06cb1fc84acfa127c6e6d9c444db03e59f315	e99f382b2fb0a47ede7df6ce069529abdd91b28d
refs/tags/v0.16	1fd5fe5e67f958449b0c769cc5a20a652443f536	a6e0799a34198bca5b066e871fbb6d85a8af826e
refs/tags/v0.2	05e43b0858f67ac967a12a2b29960e9e30cb384f	05e43b0858f67ac967a12a2b29960e9e30cb384f
refs/tags/v0.3	06fe6fb5cd2b8a2926cc327d2c367abe51749670	06fe6fb5cd2b8a2926cc327d2c367abe51749670
refs/tags/v0.4	5ff7bf65eb99024d0fc8aa05977758ce7bdf5fee	5ff7bf65eb99024d0fc8aa05977758ce7bdf5fee
refs/tags/v0.5	60c0eecf87b8e1cf8c552fbb8fb76598b1c7db9a	60c0eecf87b8e1cf8c552fbb8fb76598b1c7db9a
refs/tags/v0.6	fab73e99f9304fb7b10cefe2720a2eb928d33397	fab73e99f9304fb7b10cefe2720a2eb928d33397
refs/tags/v0.7	b9d49f674ab190b1b3663f3bca2327b52e375ff9	b9d49f674ab190b1b3663f3bca2327b52e375ff9
refs/tags/v0.8	8955f82e100a86c1a63b1b3f612d181cab132a99	8955f82e100a86c1a63b1b3f612d181cab132a99
refs/tags/v0.9	2e2960a4bb4005e2efa7361602c57ab339b5d027	2e2960a4bb4005e2efa7361602c57ab339b5d027
